,A,C,D,E,F,G,H,I,K,L,M,N,P,Q,R,S,T,V,W,X,Y
A,1.0,0.7,0.2,0.2,0.7,0.4,0.6,0.7,0.4,0.7,0.7,0.3,0.5,0.4,0.4,0.4,0.5,0.7,0.6,,0.6
C,0.7,1.0,0.2,0.2,0.8,0.3,0.6,0.6,0.2,0.7,0.7,0.2,0.6,0.5,0.2,0.3,0.3,0.7,0.7,,0.6
D,0.2,0.2,1.0,0.6,0.2,0.2,0.2,0.2,0.2,0.2,0.2,0.5,0.3,0.4,0.1,0.4,0.6,0.2,0.2,,0.3
E,0.2,0.2,0.6,1.0,0.2,0.1,0.2,0.2,0.3,0.2,0.2,0.5,0.2,0.4,0.2,0.4,0.5,0.2,0.2,,0.3
F,0.7,0.8,0.2,0.2,1.0,0.2,0.6,0.7,0.3,0.8,0.7,0.3,0.5,0.5,0.2,0.2,0.4,0.7,0.8,,0.6
G,0.4,0.3,0.2,0.1,0.2,1.0,0.2,0.2,0.1,0.3,0.4,0.4,0.2,0.4,0.4,0.3,0.3,0.4,0.1,,0.2
H,0.6,0.6,0.2,0.2,0.6,0.2,1.0,0.5,0.5,0.4,0.5,0.4,0.6,0.6,0.4,0.5,0.4,0.4,0.5,,0.5
I,0.7,0.6,0.2,0.2,0.7,0.2,0.5,1.0,0.3,0.8,0.7,0.2,0.5,0.4,0.2,0.2,0.3,0.8,0.6,,0.6
K,0.4,0.2,0.2,0.3,0.3,0.1,0.5,0.3,1.0,0.2,0.2,0.4,0.3,0.3,0.8,0.5,0.5,0.2,0.3,,0.3
L,0.7,0.7,0.2,0.2,0.8,0.3,0.4,0.8,0.2,1.0,0.8,0.2,0.4,0.5,0.2,0.2,0.3,0.8,0.6,,0.6
M,0.7,0.7,0.2,0.2,0.7,0.4,0.5,0.7,0.2,0.8,1.0,0.2,0.5,0.4,0.2,0.2,0.3,0.8,0.6,,0.6
N,0.3,0.2,0.5,0.5,0.3,0.4,0.4,0.2,0.4,0.2,0.2,1.0,0.5,0.3,0.4,0.5,0.5,0.2,0.2,,0.4
P,0.5,0.6,0.3,0.2,0.5,0.2,0.6,0.5,0.3,0.4,0.5,0.5,1.0,0.4,0.3,0.3,0.4,0.4,0.5,,0.5
Q,0.4,0.5,0.4,0.4,0.5,0.4,0.6,0.4,0.3,0.5,0.4,0.3,0.4,1.0,0.2,0.4,0.5,0.5,0.4,,0.4
R,0.4,0.2,0.1,0.2,0.2,0.4,0.4,0.2,0.8,0.2,0.2,0.4,0.3,0.2,1.0,0.5,0.4,0.2,0.2,,0.2
S,0.4,0.3,0.4,0.4,0.2,0.3,0.5,0.2,0.5,0.2,0.2,0.5,0.3,0.4,0.5,1.0,0.6,0.2,0.3,,0.4
T,0.5,0.3,0.6,0.5,0.4,0.3,0.4,0.3,0.5,0.3,0.3,0.5,0.4,0.5,0.4,0.6,1.0,0.4,0.4,,0.5
V,0.7,0.7,0.2,0.2,0.7,0.4,0.4,0.8,0.2,0.8,0.8,0.2,0.4,0.5,0.2,0.2,0.4,1.0,0.7,,0.7
W,0.6,0.7,0.2,0.2,0.8,0.1,0.5,0.6,0.3,0.6,0.6,0.2,0.5,0.4,0.2,0.3,0.4,0.7,1.0,,0.7
X,,,,,,,,,,,,,,,,,,,,,
Y,0.6,0.6,0.3,0.3,0.6,0.2,0.5,0.6,0.3,0.6,0.6,0.4,0.5,0.4,0.2,0.4,0.5,0.7,0.7,,1.0
